{"V14nMpdQ24IXxPcvgpXQ2Q==":"masjid-wallpaper-hd-1920x1080.jpg","tf5NGp0LIq97TM2nvjdEGA==":"nur-astana-mosque-exciting-kazakhstan-1920x1080.jpg","yTSFSDthBkcDeAOv+0t3GQ==":"hd-wallpaper-mosques-mosque-indonesia-pekanbaru-770x513.jpg","9isfpsAkHNqpf+5OwiRHqA==":"logo2-269x103.png","jyBr+zAoZgKfM40sHoO+bw==":"45654-ilustrasi-pembagian-zakat-golongan-orang-yang-berhak-menerima-zakat-fitrah-freepik-653x366.jpg","7GA0pmRcAGTwQM0K4d3gnw==":"adsad-1187x849.png","0d6LHwoM85BmBDcL1e1E/A==":"4.png","e/9LHhBvqm6GlW+bE48gOg==":"2.png","f2cb9PrijW42wtMgqjzfqA==":"197951196-stack-of-gold-coins-for-zakat-in-holy-month-of-ramadan-flat-illustration-vector-design-450x450.jpg","9bAK6yfTPmT0rhUe6EoEBg==":"hd-wallpaper-mosques-mosque-indonesia-pekanbaru-800x533.jpg","Qh5a6phOYmno76hrABcQ7g==":"7.-masjid-baiturrahman-aceh-2-900x600.jpg","l6t89m1K9/uo8gDZHcting==":"mbr-510x328.jpg","REc+ChBnLarPTYOFFj/1Kw==":"mbr-510x760.jpg","z1cWHRDeKuF3v10BIKlkYQ==":"mbr-510x303.jpg","tmlL4V9M8PWPUat998vf6A==":"mbr-1920x1280.jpg","Qyj2efAF/45QI7CXvOL7pw==":"mbr-1851x1234.jpg"}